spdefense,weight,hp,number,height,defense,speed,name,spattack,attack,type
65,6.9,45,001,0.71,49,45,Bulbasaur,65,49,"Grass,Poison"
50,20.0,65,061,0.99,65,90,Poliwhirl,50,65,Water
40,12.4,40,060,0.61,40,90,Poliwag,40,50,Water
85,130.0,90,068,1.60,80,55,Machamp,65,130,Fighting
35,19.5,70,066,0.79,50,35,Machop,35,80,Fighting
95,48.0,55,065,1.50,45,120,Alakazam,135,50,Psychic
55,19.5,25,063,0.89,15,90,Abra,105,20,Psychic
70,56.5,40,064,1.30,30,105,Kadabra,120,35,Psychic
60,70.5,80,067,1.50,70,45,Machoke,50,100,Fighting
90,54.0,90,062,1.30,95,70,Poliwrath,70,95,"Water,Fighting"
80,155.0,90,059,1.91,80,95,Arcanine,100,110,Fire
50,19.0,55,058,0.71,45,60,Growlithe,70,70,Fire
80,76.6,80,055,1.70,78,85,Golduck,95,82,Water
100,235.0,95,130,6.50,79,81,Gyarados,60,125,"Water,Flying"
30,1.2,1,292,0.79,45,40,Shedinja,30,90,"Bug,Ghost"
70,32.0,65,057,0.99,60,95,Primeape,60,105,Fighting
45,28.0,40,056,0.51,35,70,Mankey,35,80,Fighting
50,19.6,50,054,0.79,48,55,Psyduck,65,52,Water
150,340.0,60,476,1.40,145,40,Probopass,75,55,"Rock,Steel"
45,5.9,50,588,0.51,45,60,Karrablast,40,75,Bug
60,5.0,55,587,0.41,60,103,Emolga,75,75,"Electric,Flying"
70,92.5,80,586,1.91,70,95,Sawsbuck,60,100,"Normal,Grass"
95,57.5,71,584,1.30,85,79,Vanilluxe,110,95,Ice
75,41.0,51,583,1.09,65,59,Vanillish,80,65,Ice
60,5.7,36,582,0.41,50,44,Vanillite,65,50,Ice
75,90.0,88,652,1.60,122,64,Chesnaught,74,107,"Grass,Fighting"
130,23.5,95,700,0.99,65,60,Sylveon,110,65,Fairy
92,225.0,123,699,2.69,72,58,Aurorus,99,77,"Rock,Ice"
63,25.2,77,698,1.30,50,46,Amaura,67,59,"Rock,Ice"
59,270.0,82,697,2.49,119,71,Tyrantrum,69,121,"Rock,Dragon"
45,26.0,58,696,0.79,77,48,Tyrunt,45,89,"Rock,Dragon"
94,21.0,62,695,0.99,52,109,Heliolisk,109,55,"Electric,Normal"
50,19.5,60,585,0.61,50,75,Deerling,40,60,"Normal,Grass"
50,6.8,70,759,0.51,50,50,Stufful,45,75,"Normal,Fighting"
90,22.2,90,802,0.71,80,125,Marshadow,90,125,"Fighting,Ghost"
115,80.5,80,801,0.99,115,65,Magearna,130,95,"Steel,Fairy"
89,230.0,97,800,2.39,101,79,Necrozma,127,107,Psychic
53,888.0,223,799,5.51,53,43,Guzzlord,97,101,"Dark,Dragon"
31,0.1,59,798,0.30,131,109,Kartana,59,181,"Grass,Steel"
43,6.0,44,694,0.51,33,70,Helioptile,61,38,"Electric,Normal"
131,999.9,43,790,0.10,131,37,Cosmoem,29,29,Psychic
71,100.0,83,796,3.81,71,83,Xurkitree,173,89,Electric
37,25.0,71,795,1.80,37,151,Pheromosa,137,137,"Bug,Fighting"
53,333.6,107,794,2.39,139,79,Buzzwole,53,139,"Bug,Fighting"
131,55.5,109,793,1.19,47,103,Nihilego,127,53,"Rock,Poison"
107,120.0,137,792,3.99,89,97,Lunala,137,113,"Psychic,Ghost"
89,230.0,137,791,3.40,107,97,Solgaleo,113,137,"Psychic,Steel"
101,999.9,97,797,9.19,103,61,Celesteela,107,101,"Steel,Flying"
45,29.7,45,782,0.61,65,45,Jangmo-o,45,55,Dragon
31,0.1,43,789,0.20,31,37,Cosmog,29,29,Psychic
95,45.5,70,787,1.91,115,75,Tapu Bulu,85,130,"Grass,Fairy"
115,18.6,70,786,1.19,75,95,Tapu Lele,130,85,"Psychic,Fairy"
75,20.5,70,785,1.80,85,130,Tapu Koko,95,115,"Electric,Fairy"
105,78.2,75,784,1.60,125,85,Kommo-o,100,110,"Dragon,Fighting"
70,47.0,55,783,1.14,90,65,Hakamo-o,65,75,"Dragon,Fighting"
90,210.0,70,781,3.91,100,40,Dhelmise,86,131,"Ghost,Grass"
91,185.0,78,780,3.00,85,36,Drampa,135,60,"Normal,Dragon"
70,19.0,68,779,0.89,70,92,Bruxish,70,105,"Water,Psychic"
105,0.7,55,778,0.20,80,96,Mimikyu,50,90,"Ghost,Fairy"
73,3.3,65,777,0.30,63,96,Togedemaru,40,98,"Electric,Steel"
85,212.0,60,776,2.01,135,36,Turtonator,91,78,"Fire,Dragon"
95,19.9,65,775,0.41,65,65,Komala,75,115,Normal
130,21.2,70,788,1.30,115,85,Tapu Fini,95,75,"Water,Fairy"
30,12.0,25,767,0.51,40,80,Wimpod,20,35,"Bug,Water"
100,40.0,60,774,0.30,100,60,Minior,60,60,"Rock,Flying"
95,100.5,95,773,2.31,95,95,Silvally,95,95,Normal
95,120.5,95,772,1.91,95,59,Type: Null,95,95,Normal
130,1.2,55,771,0.30,130,5,Pyukumuku,30,60,Water
75,250.0,85,770,1.30,110,35,Palossand,100,75,"Ghost,Ground"
45,70.0,55,769,0.51,80,15,Sandygast,70,55,"Ghost,Ground"
90,108.0,75,768,2.01,140,40,Golisopod,60,125,"Bug,Water"
60,82.8,100,766,2.01,90,80,Passimian,40,120,Fighting
110,76.0,90,765,1.50,80,60,Oranguru,90,60,"Normal,Psychic"
110,0.3,51,764,0.10,90,100,Comfey,82,52,Fairy
98,21.4,72,763,1.14,98,72,Tsareena,50,120,Grass
48,8.2,52,762,0.71,48,62,Steenee,40,40,Grass
38,3.2,42,761,0.30,38,32,Bounsweet,30,30,Grass
60,135.0,120,760,2.11,80,60,Bewear,55,125,"Normal,Fighting"
60,22.2,68,758,1.19,60,117,Salazzle,111,64,"Poison,Fire"
40,4.8,48,757,0.61,40,77,Salandit,71,44,"Poison,Fire"
100,11.5,60,756,0.99,80,30,Shiinotic,90,45,"Grass,Fairy"
75,1.5,40,755,0.20,55,15,Morelull,65,35,"Grass,Fairy"
90,18.5,70,754,0.89,90,45,Lurantis,80,105,Grass
35,1.5,40,753,0.30,35,35,Fomantis,50,55,Grass
132,82.0,68,752,1.80,92,42,Araquanid,50,70,"Water,Bug"
72,4.0,38,751,0.30,52,27,Dewpider,40,40,"Water,Bug"
85,920.0,100,750,2.49,100,35,Mudsdale,55,125,Ground
55,110.0,70,749,0.99,70,45,Mudbray,45,100,Ground
142,14.5,50,748,0.71,152,35,Toxapex,53,63,"Poison,Water"
52,8.0,50,747,0.41,62,45,Mareanie,43,53,"Poison,Water"
25,0.3,45,746,0.20,20,40,Wishiwashi,25,20,Water
65,25.0,75,745,0.79,65,112,Lycanroc,55,115,Rock
40,9.2,45,744,0.51,40,60,Rockruff,30,65,Rock
70,0.5,60,743,0.20,60,124,Ribombee,95,55,"Bug,Fairy"
40,0.2,40,742,0.10,40,84,Cutiefly,55,45,"Bug,Fairy"
70,3.4,75,741,0.61,70,93,Oricorio,98,70,"Fire,Flying"
67,180.0,97,740,1.70,77,43,Crabominable,62,132,"Fighting,Ice"
47,7.0,47,739,0.61,57,63,Crabrawler,42,82,Fighting
75,45.0,77,738,1.50,90,43,Vikavolt,145,70,"Bug,Electric"
75,10.5,57,737,0.51,95,36,Charjabug,55,82,"Bug,Electric"
45,4.4,47,736,0.41,45,46,Grubbin,55,62,Bug
60,14.2,88,735,0.71,60,45,Gumshoos,55,110,Normal
30,6.0,48,734,0.41,30,45,Yungoos,30,70,Normal
75,26.0,80,733,1.09,75,60,Toucannon,75,120,"Normal,Flying"
50,14.8,55,732,0.61,50,75,Trumbeak,40,85,"Normal,Flying"
30,1.2,35,731,0.30,30,65,Pikipek,30,75,"Normal,Flying"
116,44.0,80,730,1.80,74,60,Primarina,126,74,"Water,Fairy"
81,17.5,60,729,0.61,69,50,Brionne,91,69,Water
56,7.5,50,728,0.41,54,40,Popplio,66,54,Water
90,83.0,95,727,1.80,90,60,Incineroar,80,115,"Fire,Dark"
50,25.0,65,726,0.71,50,90,Torracat,80,85,Fire
40,4.3,45,725,0.41,40,70,Litten,60,65,Fire
100,36.6,78,724,1.60,75,70,Decidueye,100,107,"Grass,Ghost"
70,16.0,78,723,0.71,75,52,Dartrix,70,75,"Grass,Flying"
50,1.5,68,722,0.30,55,42,Rowlet,50,55,"Grass,Flying"
90,195.0,80,721,1.70,120,70,Volcanion,130,110,"Fire,Water"
130,9.0,80,720,0.51,60,70,Hoopa,150,110,"Psychic,Ghost"
150,8.8,50,719,0.71,150,50,Diancie,100,100,"Rock,Fairy"
95,305.0,108,718,5.00,121,95,Zygarde,81,100,"Dragon,Ground"
98,203.0,126,717,5.79,95,99,Yveltal,131,131,"Dark,Flying"
98,215.0,126,716,3.00,95,99,Xerneas,131,131,Fairy
80,85.0,85,715,1.50,80,123,Noivern,97,70,"Flying,Dragon"
40,8.0,40,714,0.51,35,55,Noibat,45,30,"Flying,Dragon"
46,505.0,95,713,2.01,184,28,Avalugg,44,117,Ice
35,99.5,55,712,0.99,85,28,Bergmite,32,69,Ice
75,39.0,65,711,1.70,122,84,Gourgeist,58,90,"Ghost,Grass"
55,5.0,49,710,0.41,70,51,Pumpkaboo,44,66,"Ghost,Grass"
82,71.0,85,709,1.50,76,56,Trevenant,65,110,"Ghost,Grass"
60,7.0,43,708,0.41,48,38,Phantump,50,70,"Ghost,Grass"
87,3.0,57,707,0.20,91,75,Klefki,80,80,"Steel,Fairy"
150,150.5,90,706,2.01,70,80,Goodra,110,100,Dragon
113,17.5,68,705,0.79,53,60,Sliggoo,83,75,Dragon
75,2.8,45,704,0.30,35,40,Goomy,55,50,Dragon
150,5.7,50,703,0.30,150,50,Carbink,50,50,"Rock,Fairy"
67,2.2,67,702,0.20,57,101,Dedenne,81,58,"Electric,Fairy"
63,21.5,78,701,0.79,75,118,Hawlucha,74,92,"Fighting,Flying"
89,35.3,71,693,1.30,88,59,Clawitzer,120,73,Water
63,8.3,50,692,0.51,62,44,Clauncher,58,53,Water
123,81.5,65,691,1.80,90,44,Dragalge,97,75,"Poison,Dragon"
60,7.3,50,690,0.51,60,30,Skrelp,60,60,"Poison,Water"
86,96.0,72,689,1.30,115,68,Barbaracle,54,105,"Rock,Water"
56,31.0,42,688,0.51,67,50,Binacle,39,52,"Rock,Water"
75,47.0,86,687,1.50,88,73,Malamar,68,92,"Dark,Psychic"
46,3.5,53,686,0.41,53,45,Inkay,37,54,"Dark,Psychic"
75,5.0,82,685,0.79,86,72,Slurpuff,85,80,Fairy
57,3.5,62,684,0.41,66,49,Swirlix,59,48,Fairy
89,15.5,101,683,0.79,72,29,Aromatisse,99,72,Fairy
65,0.5,78,682,0.20,60,23,Spritzee,63,52,Fairy
50,53.0,60,681,1.70,50,60,Aegislash,150,150,"Steel,Ghost"
49,4.5,59,680,0.84,150,35,Doublade,45,110,"Steel,Ghost"
37,2.0,45,679,0.79,100,28,Honedge,35,80,"Steel,Ghost"
81,8.5,74,678,0.61,76,104,Meowstic,83,48,Psychic
60,3.5,62,677,0.30,54,68,Espurr,63,48,Psychic
90,28.0,75,676,1.19,60,102,Furfrou,65,80,Normal
71,136.0,95,675,2.11,78,58,Pangoro,69,124,"Fighting,Dark"
48,8.0,67,674,0.61,62,43,Pancham,46,82,Fighting
81,91.0,123,673,1.70,62,68,Gogoat,97,100,Grass
57,31.0,66,672,0.89,48,52,Skiddo,62,65,Grass
154,10.0,78,671,1.09,68,75,Florges,112,65,Fairy
98,0.9,54,670,0.20,47,52,Floette,75,45,Fairy
79,0.1,44,669,0.10,39,42,Flabébé,61,38,Fairy
66,81.5,86,668,1.50,72,106,Pyroar,109,68,"Fire,Normal"
54,13.5,62,667,0.61,58,72,Litleo,73,50,"Fire,Normal"
50,17.0,80,666,1.19,50,89,Vivillon,90,52,"Bug,Flying"
30,8.4,45,665,0.30,60,29,Spewpa,27,22,Bug
25,2.5,38,664,0.30,40,35,Scatterbug,27,35,Bug
69,24.5,78,663,1.19,71,126,Talonflame,74,81,"Fire,Flying"
52,16.0,62,662,0.71,55,84,Fletchinder,56,73,"Fire,Flying"
38,1.7,45,661,0.30,43,62,Fletchling,40,50,"Normal,Flying"
77,42.4,85,660,0.99,77,78,Diggersby,50,56,"Normal,Ground"
36,5.0,38,659,0.41,38,57,Bunnelby,32,36,Normal
71,40.0,72,658,1.50,67,122,Greninja,103,95,"Water,Dark"
56,10.9,54,657,0.61,52,97,Frogadier,83,63,Water
44,7.0,41,656,0.30,40,71,Froakie,62,56,Water
100,39.0,75,655,1.50,72,104,Delphox,114,69,"Fire,Psychic"
70,14.5,59,654,0.99,58,73,Braixen,90,59,Fire
60,9.4,40,653,0.41,40,60,Fennekin,62,45,Fire
58,29.0,61,651,0.71,95,57,Quilladin,56,78,Grass
45,9.0,56,650,0.41,65,38,Chespin,48,61,Grass
95,82.5,71,649,1.50,95,99,Genesect,120,120,"Bug,Steel"
128,6.5,100,648,0.61,77,90,Meloetta,128,77,"Normal,Psychic"
90,48.5,91,647,1.40,90,108,Keldeo,129,72,"Water,Fighting"
90,325.0,125,646,3.00,90,95,Kyurem,130,130,"Dragon,Ice"
80,68.0,89,645,1.50,90,101,Landorus,115,125,"Ground,Flying"
100,345.0,100,644,2.90,120,90,Zekrom,120,150,"Dragon,Electric"
120,330.0,100,643,3.20,100,90,Reshiram,150,120,"Dragon,Fire"
80,61.0,79,642,1.50,70,111,Thundurus,125,115,"Electric,Flying"
80,63.0,79,641,1.50,70,111,Tornadus,125,115,Flying
129,200.0,91,640,2.01,72,108,Virizion,90,90,"Grass,Fighting"
90,260.0,91,639,1.91,90,108,Terrakion,72,129,"Rock,Fighting"
72,250.0,91,638,2.11,129,108,Cobalion,90,90,"Steel,Fighting"
105,46.0,85,637,1.60,65,100,Volcarona,135,60,"Bug,Fire"
55,28.8,55,636,1.09,55,60,Larvesta,50,85,"Bug,Fire"
90,160.0,92,635,1.80,90,98,Hydreigon,125,105,"Dark,Dragon"
70,50.0,72,634,1.40,70,58,Zweilous,65,85,"Dark,Dragon"
50,17.3,52,633,0.79,50,38,Deino,45,65,"Dark,Dragon"
48,33.0,58,632,0.30,112,109,Durant,48,109,"Bug,Steel"
66,58.0,85,631,1.40,66,65,Heatmor,105,97,Fire
95,39.5,110,630,1.19,105,80,Mandibuzz,55,65,"Dark,Flying"
75,41.0,100,628,1.50,75,80,Braviary,57,123,"Normal,Flying"
50,10.5,70,627,0.51,50,60,Rufflet,37,83,"Normal,Flying"
95,94.6,95,626,1.60,95,55,Bouffalant,40,110,Normal
70,70.0,65,625,1.60,100,70,Bisharp,60,125,"Dark,Steel"
65,9.0,70,629,0.51,75,60,Vullaby,45,55,"Dark,Flying"
40,10.2,45,624,0.51,70,60,Pawniard,40,85,"Dark,Steel"
80,330.0,89,623,2.79,80,55,Golurk,55,124,"Ground,Ghost"
50,92.0,59,622,0.99,50,35,Golett,35,74,"Ground,Ghost"
65,7.7,50,616,0.41,85,25,Shelmet,40,40,Bug
60,35.5,65,620,1.40,60,105,Mienshao,95,125,Fighting
99,11.0,109,618,0.71,84,32,Stunfisk,81,66,"Ground,Electric"
135,148.0,80,615,1.09,50,105,Cryogonal,95,50,Ice
80,260.0,95,614,2.59,80,50,Beartic,70,130,Ice
50,20.0,45,619,0.89,50,65,Mienfoo,55,85,Fighting
60,25.3,80,617,0.79,40,145,Accelgor,100,70,Bug
90,139.0,77,621,1.60,90,48,Druddigon,60,120,Dragon
70,105.5,76,612,1.80,90,97,Haxorus,60,147,Dragon
50,36.0,66,611,0.99,70,67,Fraxure,40,117,Dragon
40,18.0,46,610,0.61,60,57,Axew,30,87,Dragon
90,34.3,60,609,0.99,90,80,Chandelure,145,55,"Ghost,Fire"
60,13.0,60,608,0.61,60,55,Lampent,95,40,"Ghost,Fire"
55,3.1,50,607,0.30,55,20,Litwick,65,30,"Ghost,Fire"
40,8.5,55,613,0.51,40,40,Cubchoo,60,70,Ice
55,9.0,55,605,0.51,55,30,Elgyem,85,55,Psychic
80,80.5,85,604,2.11,80,50,Eelektross,105,115,Electric
70,22.0,65,603,1.19,70,40,Eelektrik,75,85,Electric
40,0.3,35,602,0.20,40,60,Tynamo,45,55,Electric
85,81.0,60,601,0.61,115,90,Klinklang,70,100,Steel
85,51.0,60,600,0.61,95,50,Klang,70,80,Steel
60,21.0,40,599,0.30,70,30,Klink,45,55,Steel
95,34.5,75,606,0.99,75,40,Beheeyem,125,75,Psychic
116,110.0,74,598,0.99,131,20,Ferrothorn,54,94,"Grass,Steel"
86,18.8,44,597,0.61,91,10,Ferroseed,24,50,"Grass,Steel"
60,14.3,70,596,0.79,60,108,Galvantula,97,77,"Bug,Electric"
50,0.6,50,595,0.10,50,65,Joltik,57,47,"Bug,Electric"
45,31.6,165,594,1.19,80,65,Alomomola,40,75,Water
105,135.0,100,593,2.21,70,60,Jellicent,85,60,"Water,Ghost"
85,33.0,55,592,1.19,50,40,Frillish,65,40,"Water,Ghost"
80,10.5,114,591,0.61,70,30,Amoonguss,85,85,"Grass,Poison"
55,1.0,69,590,0.20,45,15,Foongus,55,55,"Grass,Poison"
105,33.0,70,589,0.99,105,20,Escavalier,60,135,"Bug,Steel"
63,24.2,75,581,1.30,63,98,Swanna,87,87,"Water,Flying"
50,5.5,62,580,0.51,50,55,Ducklett,44,44,"Water,Flying"
85,20.1,110,579,0.99,75,30,Reuniclus,125,65,Psychic
60,8.0,65,578,0.61,50,30,Duosion,125,40,Psychic
50,1.0,45,577,0.30,40,20,Solosis,105,30,Psychic
110,44.0,70,576,1.50,95,65,Gothitelle,95,55,Psychic
85,18.0,60,575,0.71,70,55,Gothorita,75,45,Psychic
65,5.8,45,574,0.41,50,45,Gothita,55,30,Psychic
60,7.5,75,573,0.51,60,115,Cinccino,65,95,Normal
40,5.8,55,572,0.41,40,75,Minccino,40,50,Normal
60,81.1,60,571,1.60,60,105,Zoroark,120,105,Dark
40,12.5,40,570,0.71,40,65,Zorua,80,65,Dark
82,107.3,80,569,1.91,82,75,Garbodor,60,95,Poison
62,31.0,50,568,0.61,62,65,Trubbish,40,50,Poison
65,32.0,75,567,1.40,65,110,Archeops,112,140,"Rock,Flying"
45,9.5,55,566,0.51,45,70,Archen,74,112,"Rock,Flying"
65,81.0,74,565,1.19,133,32,Carracosta,83,108,"Water,Rock"
45,16.5,54,564,0.71,103,22,Tirtouga,53,78,"Water,Rock"
105,76.5,58,563,1.70,145,30,Cofagrigus,95,50,Ghost
65,1.5,38,562,0.51,85,30,Yamask,55,30,Ghost
80,14.0,72,561,1.40,80,97,Sigilyph,103,58,"Psychic,Flying"
115,30.0,65,560,1.09,115,58,Scrafty,45,90,"Dark,Fighting"
70,11.8,50,559,0.61,70,48,Scraggy,35,75,"Dark,Fighting"
75,200.0,70,558,1.40,125,45,Crustle,65,105,"Bug,Rock"
35,14.5,50,557,0.30,85,55,Dwebble,35,65,"Bug,Rock"
67,28.0,75,556,0.99,67,60,Maractus,106,86,Grass
55,92.9,105,555,1.30,55,95,Darmanitan,30,140,Fire
45,37.5,70,554,0.61,45,50,Darumaka,15,90,Fire
70,96.3,95,553,1.50,80,92,Krookodile,65,117,"Ground,Dark"
50,6.6,45,548,0.51,50,30,Petilil,70,35,Grass
75,6.6,60,547,0.71,85,116,Whimsicott,77,67,"Grass,Fairy,Grass"
50,0.6,40,546,0.30,60,66,Cottonee,37,27,"Grass,Fairy,Grass"
69,200.5,60,545,2.49,89,112,Scolipede,55,100,"Bug,Poison"
45,33.4,60,552,0.99,45,74,Krokorok,45,82,"Ground,Dark"
35,15.2,50,551,0.71,35,65,Sandile,35,72,"Ground,Dark"
55,18.0,70,550,0.99,65,98,Basculin,80,92,Water
75,16.3,70,549,1.09,75,90,Lilligant,110,60,Grass
39,5.3,30,543,0.41,59,57,Venipede,30,45,"Bug,Poison"
80,20.5,75,542,1.19,80,92,Leavanny,70,103,"Bug,Grass"
80,7.3,55,541,0.51,90,42,Swadloon,50,63,"Bug,Grass"
60,2.5,45,540,0.30,70,42,Sewaddle,40,53,"Bug,Grass"
75,51.0,75,539,1.40,75,85,Sawk,30,125,Fighting
85,55.5,120,538,1.30,85,45,Throh,30,100,Fighting
75,62.0,105,537,1.50,75,74,Seismitoad,85,95,"Water,Ground"
79,58.5,40,544,1.19,99,47,Whirlipede,40,55,"Bug,Poison"
50,40.0,85,533,1.19,85,40,Gurdurr,40,105,Fighting
35,12.5,75,532,0.61,55,35,Timburr,25,80,Fighting
86,31.0,103,531,1.09,86,50,Audino,60,60,Normal
65,40.4,110,530,0.71,60,88,Excadrill,50,135,"Ground,Steel"
45,8.5,60,529,0.30,40,68,Drilbur,30,85,Ground
40,4.5,50,535,0.51,40,64,Tympole,50,50,Water
65,87.0,105,534,1.40,95,45,Conkeldurr,55,140,Fighting
55,17.0,75,536,0.79,55,69,Palpitoad,65,65,"Water,Ground"
55,10.5,67,528,0.89,55,114,Swoobat,77,57,"Psychic,Flying"
43,2.1,65,527,0.41,43,72,Woobat,55,45,"Psychic,Flying"
40,102.0,70,525,0.89,105,20,Boldore,50,105,Rock
25,18.0,55,524,0.41,85,15,Roggenrola,25,75,Rock
63,79.5,75,523,1.60,63,116,Zebstrika,80,100,Electric
32,29.8,45,522,0.79,32,76,Blitzle,50,60,Electric
55,29.0,80,521,1.19,80,93,Unfezant,65,115,"Normal,Flying"
42,15.0,62,520,0.61,62,65,Tranquill,50,77,"Normal,Flying"
30,2.1,50,519,0.30,50,43,Pidove,36,55,"Normal,Flying"
95,60.5,116,518,1.09,85,29,Musharna,107,55,Psychic
55,23.3,76,517,0.61,45,24,Munna,67,25,Psychic
63,29.0,75,516,0.99,63,101,Simipour,98,98,Water
48,13.5,50,515,0.61,48,64,Panpour,53,53,Water
63,28.0,75,514,0.99,63,101,Simisear,98,98,Fire
48,11.0,50,513,0.61,48,64,Pansear,53,53,Fire
63,30.5,75,512,1.09,63,101,Simisage,98,98,Grass
48,10.5,50,511,0.61,48,64,Pansage,53,53,Grass
50,37.5,64,510,1.09,50,106,Liepard,88,88,Dark
90,61.0,85,508,1.19,90,80,Stoutland,45,110,Normal
65,14.7,65,507,0.89,65,60,Herdier,35,80,Normal
80,260.0,85,526,1.70,130,25,Gigalith,60,135,Rock
45,4.1,45,506,0.41,45,55,Lillipup,25,60,Normal
69,27.0,60,505,1.09,69,77,Watchog,60,85,Normal
39,11.6,45,504,0.51,39,42,Patrat,35,55,Normal
70,94.6,95,503,1.50,85,70,Samurott,108,100,Water
60,24.5,75,502,0.79,60,60,Dewott,83,75,Water
45,5.9,55,501,0.51,45,45,Oshawott,63,55,Water
55,55.5,90,499,0.99,55,55,Pignite,70,93,"Fire,Fighting"
45,9.9,65,498,0.51,45,45,Tepig,45,63,Fire
95,63.0,75,497,3.30,95,113,Serperior,75,75,Grass
75,16.0,60,496,0.79,75,83,Servine,60,60,Grass
55,8.1,45,495,0.61,55,63,Snivy,45,45,Grass
100,4.0,100,494,0.41,100,100,Victini,100,100,"Psychic,Fire"
37,10.1,41,509,0.41,37,66,Purrloin,50,50,Dark
65,150.0,110,500,1.60,65,65,Emboar,100,123,"Fire,Fighting"
120,320.0,120,493,3.20,120,120,Arceus,120,120,Normal
100,2.1,100,492,0.20,100,100,Shaymin,100,100,Grass
90,50.5,70,491,1.50,90,125,Darkrai,135,90,Dark
100,1.4,100,490,0.30,100,100,Manaphy,100,100,Water
80,3.1,80,489,0.41,80,80,Phione,80,80,Water
130,85.6,120,488,1.50,120,85,Cresselia,75,70,Psychic
120,750.0,150,487,4.50,120,90,Giratina,100,100,"Ghost,Dragon"
110,420.0,110,486,3.71,110,100,Regigigas,80,160,Normal
106,430.0,91,485,1.70,106,77,Heatran,130,90,"Fire,Steel"
120,336.0,90,484,4.19,100,100,Palkia,150,120,"Water,Dragon"
100,683.0,100,483,5.41,120,90,Dialga,150,120,"Steel,Dragon"
70,0.3,75,482,0.30,70,115,Azelf,125,125,Psychic
105,0.3,80,481,0.30,105,80,Mesprit,105,105,Psychic
130,0.3,75,480,0.30,130,95,Uxie,75,75,Psychic
77,0.3,50,479,0.30,77,91,Rotom,95,50,"Electric,Ghost,Electric,Ghost"
70,26.6,70,478,1.30,70,110,Froslass,80,80,"Ice,Ghost"
75,34.0,85,474,0.89,70,90,Porygon-Z,135,80,Normal
60,291.0,110,473,2.49,80,80,Mamoswine,70,130,"Ice,Ground"
75,42.5,75,472,2.01,125,95,Gliscor,45,95,"Ground,Flying"
95,25.9,65,471,0.79,110,65,Glaceon,130,60,Ice
56,51.5,86,469,1.91,86,95,Yanmega,116,76,"Bug,Flying"
135,106.6,45,477,2.21,135,45,Dusknoir,65,100,Ghost
115,52.0,68,475,1.60,65,80,Gallade,65,125,"Psychic,Fighting"
65,25.5,65,470,0.99,130,95,Leafeon,60,110,Grass
55,282.8,115,464,2.39,130,40,Rhyperior,55,140,"Ground,Rock"
95,140.0,110,463,1.70,95,50,Lickilicky,80,85,Normal
90,180.0,70,462,1.19,115,60,Magnezone,130,70,"Electric,Steel"
85,34.0,70,461,1.09,65,125,Weavile,45,120,"Dark,Ice"
50,128.6,100,465,2.01,125,50,Tangrowth,110,100,Grass
95,68.0,75,467,1.60,67,83,Magmortar,125,95,Fire
85,138.6,75,466,1.80,67,95,Electivire,95,123,Electric
115,38.0,85,468,1.50,95,80,Togekiss,120,50,"Fairy,Flying,Normal,Flying"
85,135.5,90,460,2.21,75,60,Abomasnow,92,92,"Grass,Ice"
60,50.5,60,459,0.99,50,40,Snover,62,62,"Grass,Ice"
120,65.0,45,458,0.99,50,50,Mantyke,60,20,"Water,Flying"
86,24.0,69,457,1.19,76,91,Lumineon,69,69,Water
61,7.0,49,456,0.41,56,66,Finneon,49,49,Water
72,27.0,74,455,1.40,72,46,Carnivine,90,100,Grass
65,44.4,83,454,1.30,65,85,Toxicroak,86,106,"Poison,Fighting"
40,23.0,48,453,0.71,40,50,Croagunk,61,61,"Poison,Fighting"
75,61.5,70,452,1.30,110,95,Drapion,60,90,"Poison,Dark"
55,12.0,40,451,0.79,90,65,Skorupi,30,50,"Poison,Bug"
72,300.0,108,450,2.01,118,47,Hippowdon,68,112,Ground
42,49.5,68,449,0.79,78,32,Hippopotas,38,72,Ground
70,54.0,70,448,1.19,70,90,Lucario,115,110,"Fighting,Steel"
40,20.2,40,447,0.71,40,60,Riolu,35,70,Fighting
85,105.0,135,446,0.61,40,5,Munchlax,40,85,Normal
85,95.0,108,445,1.91,95,102,Garchomp,80,130,"Dragon,Ground"
55,56.0,68,444,1.40,65,82,Gabite,50,90,"Dragon,Ground"
45,20.5,58,443,0.71,45,42,Gible,40,70,"Dragon,Ground"
108,108.0,50,442,0.99,108,35,Spiritomb,92,92,"Ghost,Dark"
42,1.9,76,441,0.51,45,91,Chatot,92,65,"Normal,Flying"
65,24.4,100,440,0.61,5,30,Happiny,15,5,Normal
90,13.0,20,439,0.61,45,60,Mime Jr.,70,25,"Psychic,Fairy,Psychic"
45,15.0,50,438,0.51,95,10,Bonsly,10,80,Rock
116,187.0,67,437,1.30,116,33,Bronzong,79,89,"Steel,Psychic"
86,60.5,57,436,0.51,86,23,Bronzor,24,24,"Steel,Psychic"
61,38.0,103,435,0.99,67,84,Skuntank,71,93,"Poison,Dark"
41,19.2,63,434,0.41,47,74,Stunky,41,63,"Poison,Dark"
50,0.6,45,433,0.20,50,45,Chingling,65,30,Psychic
59,43.8,71,432,0.99,64,112,Purugly,64,82,Normal
37,3.9,49,431,0.51,42,85,Glameow,42,55,Normal
52,27.3,100,430,0.89,52,71,Honchkrow,105,125,"Dark,Flying"
105,4.4,60,429,0.89,60,105,Mismagius,105,60,Ghost
56,5.5,55,427,0.41,44,85,Buneary,44,66,Normal
54,15.0,150,426,1.19,44,80,Drifblim,90,80,"Ghost,Flying"
44,1.2,90,425,0.41,34,70,Drifloon,60,50,"Ghost,Flying"
66,20.3,75,424,1.19,66,115,Ambipom,60,100,Normal
82,29.9,111,423,0.89,68,39,Gastrodon,92,83,"Water,Ground"
62,6.3,76,422,0.30,48,34,Shellos,57,48,Water
78,9.3,70,421,0.51,70,85,Cherrim,87,60,Grass
53,3.3,45,420,0.41,45,35,Cherubi,62,35,Grass
50,33.5,85,419,1.09,55,115,Floatzel,85,105,Water
30,29.5,55,418,0.71,35,85,Buizel,60,65,Water
90,3.9,60,417,0.41,70,95,Pachirisu,45,45,Electric
102,38.5,70,416,1.19,102,40,Vespiquen,80,80,"Bug,Flying"
42,5.5,30,415,0.30,42,70,Combee,30,30,"Bug,Flying"
50,23.3,70,414,0.89,50,66,Mothim,94,94,"Bug,Flying"
45,3.4,40,412,0.20,45,36,Burmy,29,29,Bug
88,57.0,30,410,0.51,118,30,Shieldon,42,42,"Rock,Steel"
105,14.5,60,407,0.89,65,90,Roserade,125,70,"Grass,Poison"
30,31.5,67,408,0.89,40,58,Cranidos,30,125,Rock
105,6.5,60,413,0.51,85,36,Wormadam,79,59,"Bug,Grass"
138,149.5,60,411,1.30,168,30,Bastiodon,47,52,"Rock,Steel"
50,102.5,97,409,1.60,60,58,Rampardos,65,165,Rock
96,33.3,65,428,1.19,84,105,Lopunny,54,76,Normal
70,1.2,40,406,0.20,35,55,Budew,50,30,"Grass,Poison"
51,25.5,77,402,0.99,51,65,Kricketune,55,85,Bug
40,20.0,59,399,0.51,40,31,Bidoof,35,45,Normal
41,2.2,37,401,0.30,41,25,Kricketot,25,25,Bug
34,9.5,45,403,0.51,34,45,Shinx,40,65,Electric
49,30.5,60,404,0.89,49,60,Luxio,60,85,Electric
60,31.5,79,400,0.99,60,71,Bibarel,55,85,"Normal,Water"
79,42.0,80,405,1.40,79,70,Luxray,95,120,Electric
40,15.5,55,397,0.61,50,80,Staravia,40,75,"Normal,Flying"
30,2.0,40,396,0.30,30,60,Starly,30,55,"Normal,Flying"
76,23.0,64,394,0.79,68,50,Prinplup,81,66,Water
56,5.2,53,393,0.41,53,40,Piplup,61,51,Water
71,55.0,76,392,1.19,71,108,Infernape,104,104,"Fire,Fighting"
60,24.9,85,398,1.19,70,100,Staraptor,50,120,"Normal,Flying"
52,22.0,64,391,0.89,52,81,Monferno,78,78,"Fire,Fighting"
44,6.2,44,390,0.51,44,61,Chimchar,58,58,Fire
85,310.0,95,389,2.21,105,56,Torterra,75,109,"Grass,Ground"
65,97.0,75,388,1.09,85,36,Grotle,55,89,Grass
55,10.2,55,387,0.41,64,31,Turtwig,45,68,Grass
50,60.8,50,386,1.70,50,150,Deoxys,150,150,Psychic
100,1.1,100,385,0.30,100,100,Jirachi,100,100,"Steel,Psychic"
101,84.5,84,395,1.70,88,60,Empoleon,111,86,"Water,Steel"
90,206.5,105,384,7.01,90,95,Rayquaza,150,150,"Dragon,Flying"
90,950.0,100,383,3.51,140,90,Groudon,100,150,Ground
140,352.0,100,382,4.50,90,90,Kyogre,150,100,Water
110,60.0,80,381,2.01,80,110,Latios,130,90,"Dragon,Psychic"
130,40.0,80,380,1.40,90,110,Latias,110,80,"Dragon,Psychic"
150,205.0,80,379,1.91,150,50,Registeel,75,75,Steel
200,175.0,80,378,1.80,100,50,Regice,100,50,Ice
100,230.0,80,377,1.70,200,50,Regirock,50,100,Rock
90,550.0,80,376,1.60,130,70,Metagross,95,135,"Steel,Psychic"
80,202.5,60,375,1.19,100,50,Metang,55,75,"Steel,Psychic"
60,95.2,40,374,0.61,80,30,Beldum,35,55,"Steel,Psychic"
80,102.6,95,373,1.50,80,100,Salamence,110,135,"Dragon,Flying"
50,110.5,65,372,1.09,100,50,Shelgon,60,95,Dragon
30,42.1,45,371,0.61,60,50,Bagon,40,75,Dragon
65,8.7,43,370,0.61,55,97,Luvdisc,40,30,Water
65,23.4,100,369,0.99,130,55,Relicanth,45,90,"Water,Rock"
75,22.6,55,368,1.80,105,52,Gorebyss,114,84,Water
75,27.0,55,367,1.70,105,52,Huntail,94,104,Water
55,52.5,35,366,0.41,85,32,Clamperl,74,64,Water
90,150.6,110,365,1.40,90,65,Walrein,95,80,"Ice,Water"
70,87.6,90,364,1.09,70,45,Sealeo,75,60,"Ice,Water"
50,39.5,70,363,0.79,50,25,Spheal,55,40,"Ice,Water"
80,256.5,80,362,1.50,80,80,Glalie,80,80,Ice
50,16.8,50,361,0.71,50,50,Snorunt,50,50,Ice
48,14.0,95,360,0.61,48,23,Wynaut,23,23,Psychic
60,47.0,65,359,1.19,60,75,Absol,75,130,Dark
90,1.0,75,358,0.61,80,65,Chimecho,95,50,Psychic
87,100.0,99,357,2.01,83,51,Tropius,72,68,"Grass,Flying"
130,30.6,40,356,1.60,130,25,Dusclops,60,70,Ghost
90,15.0,20,355,0.79,90,25,Duskull,30,40,Ghost
63,12.5,64,354,1.09,65,65,Banette,83,115,Ghost
33,2.3,44,353,0.61,35,45,Shuppet,63,75,Ghost
120,22.0,60,352,0.99,70,40,Kecleon,60,90,Normal
70,0.8,70,351,0.30,70,70,Castform,70,70,Normal
125,162.0,95,350,6.20,79,81,Milotic,100,60,Water
55,7.4,20,349,0.61,20,80,Feebas,10,15,Water
80,68.2,75,348,1.50,100,45,Armaldo,70,125,"Rock,Bug"
50,12.5,45,347,0.71,50,75,Anorith,40,95,"Rock,Bug"
107,60.4,86,346,1.50,97,43,Cradily,81,81,"Rock,Grass"
87,23.8,66,345,0.99,77,23,Lileep,61,41,"Rock,Grass"
120,108.0,60,344,1.50,105,75,Claydol,70,70,"Ground,Psychic"
70,21.5,40,343,0.51,55,55,Baltoy,40,40,"Ground,Psychic"
55,32.8,63,342,1.09,85,55,Crawdaunt,90,120,"Water,Dark"
35,11.5,43,341,0.61,65,35,Corphish,50,80,Water
71,23.6,110,340,0.89,73,60,Whiscash,76,78,"Water,Ground"
41,1.9,50,339,0.41,43,60,Barboach,46,48,"Water,Ground"
65,154.0,90,338,1.19,85,70,Solrock,55,95,"Rock,Psychic"
85,168.0,90,337,0.99,65,70,Lunatone,95,55,"Rock,Psychic"
60,52.5,73,336,2.69,60,65,Seviper,100,100,Poison
45,15.0,45,328,0.71,45,10,Trapinch,45,100,Ground
40,51.3,50,331,0.41,40,35,Cacnea,85,85,Grass
60,77.4,70,332,1.30,60,55,Cacturne,115,115,"Grass,Dark"
50,15.3,50,329,1.09,50,70,Vibrava,50,70,"Ground,Dragon"
105,20.6,75,334,1.09,90,80,Altaria,70,70,"Dragon,Flying"
60,40.3,73,335,1.30,60,90,Zangoose,60,115,Normal
75,1.2,45,333,0.41,60,50,Swablu,40,40,"Normal,Flying"
80,82.0,80,330,2.01,80,100,Flygon,80,100,"Ground,Dragon"
60,5.0,60,327,1.09,60,60,Spinda,60,60,Normal
80,30.6,60,325,0.71,35,60,Spoink,70,25,Psychic
70,80.4,70,324,0.51,140,20,Torkoal,85,85,Fire
75,220.0,70,323,1.91,70,40,Camerupt,105,100,"Fire,Ground"
45,24.0,60,322,0.71,40,35,Numel,65,60,"Fire,Ground"
45,398.0,170,321,14.50,45,60,Wailord,90,90,Water
35,130.0,130,320,2.01,35,60,Wailmer,70,70,Water
110,71.5,80,326,0.89,65,80,Grumpig,90,45,Psychic
40,88.8,70,319,1.80,40,95,Sharpedo,95,120,"Water,Dark"
20,20.8,45,318,0.79,20,65,Carvanha,65,90,"Water,Dark"
83,80.0,100,317,1.70,83,55,Swalot,73,73,Poison
53,10.3,70,316,0.41,53,40,Gulpin,43,43,Poison
80,2.0,50,315,0.30,45,65,Roselia,100,60,"Grass,Poison"
85,17.7,65,314,0.61,75,85,Illumise,73,47,Bug
85,17.7,65,313,0.71,75,85,Volbeat,47,73,Bug
85,4.2,60,312,0.41,50,95,Minun,75,40,Electric
75,4.2,60,311,0.41,40,95,Plusle,85,50,Electric
60,40.2,70,310,1.50,60,105,Manectric,105,75,Electric
40,15.2,40,309,0.61,40,65,Electrike,65,45,Electric
75,31.5,60,308,1.30,75,80,Medicham,60,60,"Fighting,Psychic"
55,11.2,30,307,0.61,55,60,Meditite,40,40,"Fighting,Psychic"
60,360.0,70,306,2.11,180,50,Aggron,60,110,"Steel,Rock"
50,120.0,60,305,0.89,140,40,Lairon,50,90,"Steel,Rock"
40,60.0,50,304,0.41,100,30,Aron,40,70,"Steel,Rock"
90,97.0,30,299,0.99,135,30,Nosepass,45,45,Rock
55,32.6,70,301,1.09,65,90,Delcatty,55,65,Normal
40,2.0,50,298,0.20,40,20,Azurill,20,20,"Normal,Fairy,Normal"
55,11.5,50,303,0.61,85,50,Mawile,55,85,"Steel,Fairy,Steel"
65,11.0,50,302,0.51,75,50,Sableye,65,75,"Dark,Ghost"
35,11.0,50,300,0.61,45,50,Skitty,35,45,Normal
60,253.8,144,297,2.31,60,50,Hariyama,40,120,Fighting
30,86.4,72,296,0.99,30,25,Makuhita,20,60,Fighting
43,40.5,84,294,0.99,43,48,Loudred,71,71,Normal
23,16.3,64,293,0.61,23,28,Whismur,51,51,Normal
65,130.5,150,289,2.01,100,100,Slaking,95,160,Normal
55,46.5,80,288,1.40,80,90,Vigoroth,55,80,Normal
50,12.0,61,291,0.79,45,160,Ninjask,50,90,"Bug,Flying"
30,5.5,31,290,0.51,90,40,Nincada,30,45,"Bug,Ground"
35,24.0,60,287,0.79,60,30,Slakoth,35,60,Normal
60,39.2,60,286,1.19,80,70,Breloom,60,130,"Grass,Fighting"
60,4.5,60,285,0.41,60,35,Shroomish,40,40,Grass
82,3.6,70,284,0.79,62,80,Masquerain,100,60,"Bug,Flying"
52,1.7,40,283,0.51,32,65,Surskit,50,30,"Bug,Water"
115,48.4,68,282,1.60,65,80,Gardevoir,125,65,"Psychic,Fairy,Psychic"
55,20.2,38,281,0.79,35,50,Kirlia,65,35,"Psychic,Fairy,Psychic"
35,6.6,28,280,0.41,25,40,Ralts,45,25,"Psychic,Fairy,Psychic"
73,84.0,104,295,1.50,63,68,Exploud,91,91,Normal
50,19.8,60,277,0.71,60,125,Swellow,75,85,"Normal,Flying"
30,2.3,40,276,0.30,30,85,Taillow,30,55,"Normal,Flying"
60,59.6,90,275,1.30,60,80,Shiftry,90,100,"Grass,Dark"
40,28.0,70,274,0.99,40,60,Nuzleaf,60,70,"Grass,Dark"
30,4.0,40,273,0.51,50,30,Seedot,30,40,Grass
100,55.0,80,272,1.50,70,70,Ludicolo,90,70,"Water,Grass"
70,28.0,60,279,1.19,100,65,Pelipper,95,50,"Water,Flying"
30,9.5,40,278,0.61,30,85,Wingull,55,30,"Water,Flying"
70,32.5,60,271,1.19,50,50,Lombre,60,50,"Water,Grass"
50,2.6,40,270,0.51,30,30,Lotad,40,30,"Water,Grass"
90,31.6,60,269,1.19,70,65,Dustox,50,50,"Bug,Poison"
25,11.5,50,268,0.71,55,15,Cascoon,25,35,Bug
50,28.4,60,267,0.99,50,65,Beautifly,100,70,"Bug,Flying"
25,10.0,50,266,0.61,55,15,Silcoon,25,35,Bug
30,3.6,45,265,0.30,35,20,Wurmple,20,45,Bug
30,13.6,35,261,0.51,35,35,Poochyena,30,55,Dark
60,37.0,70,262,0.99,70,70,Mightyena,60,90,Dark
90,81.9,100,260,1.50,90,60,Swampert,85,110,"Water,Ground"
41,17.5,38,263,0.41,41,60,Zigzagoon,30,30,Normal
50,7.6,50,258,0.41,50,40,Mudkip,50,70,Water
70,28.0,70,259,0.71,70,50,Marshtomp,60,85,"Water,Ground"
61,32.5,78,264,0.51,61,100,Linoone,50,70,Normal
100,5.0,100,251,0.61,100,100,Celebi,100,100,"Psychic,Grass"
154,199.0,106,250,3.81,90,90,Ho-oh,110,130,"Fire,Flying"
60,19.5,60,256,0.89,60,55,Combusken,85,85,"Fire,Fighting"
65,21.6,50,253,0.89,45,95,Grovyle,85,65,Grass
50,2.5,45,255,0.41,40,45,Torchic,70,60,Fire
85,52.2,70,254,1.70,65,120,Sceptile,105,85,Grass
55,5.0,40,252,0.51,35,70,Treecko,65,45,Grass
70,52.0,80,257,1.91,70,80,Blaziken,110,120,"Fire,Fighting"
50,72.0,50,246,0.61,50,41,Larvitar,45,64,"Rock,Ground"
115,187.0,100,245,2.01,115,85,Suicune,90,75,Water
75,198.0,115,244,2.11,85,100,Entei,90,115,Fire
100,178.0,90,243,1.91,75,115,Raikou,115,85,Electric
135,46.8,255,242,1.50,10,55,Blissey,75,10,Normal
70,152.0,70,247,1.19,70,51,Pupitar,65,84,"Rock,Ground"
154,216.0,106,249,5.21,130,110,Lugia,90,90,"Psychic,Flying"
100,202.0,100,248,2.01,110,61,Tyranitar,95,134,"Rock,Dark"
70,75.5,95,241,1.19,105,100,Miltank,40,80,Normal
55,21.4,45,240,0.71,37,83,Magby,70,75,Fire
55,23.5,45,239,0.61,37,95,Elekid,65,63,Electric
65,6.0,45,238,0.41,15,65,Smoochum,85,30,"Ice,Psychic"
110,48.0,50,237,1.40,95,70,Hitmontop,35,95,Fighting
35,21.0,35,236,0.71,35,35,Tyrogue,35,35,Fighting
45,58.0,55,235,1.19,35,75,Smeargle,20,20,Normal
65,71.2,73,234,1.40,62,85,Stantler,85,95,Normal
95,32.5,85,233,0.61,90,60,Porygon2,105,80,Normal
60,120.0,90,232,1.09,120,50,Donphan,60,120,Ground
40,33.5,90,231,0.51,60,40,Phanpy,40,60,Ground
95,152.0,75,230,1.80,95,85,Kingdra,95,95,"Water,Dragon"
50,10.8,45,228,0.61,30,65,Houndour,80,60,"Dark,Fire"
140,220.0,85,226,2.11,70,70,Mantine,80,40,"Water,Flying"
70,50.5,65,227,1.70,140,70,Skarmory,40,80,"Steel,Flying"
80,55.0,60,219,0.79,120,30,Magcargo,90,50,"Fire,Rock"
80,35.0,75,229,1.40,50,95,Houndoom,110,90,"Dark,Fire"
45,16.0,45,225,0.89,45,75,Delibird,65,55,"Ice,Flying"
95,5.0,65,222,0.61,95,35,Corsola,65,55,"Water,Rock"
35,12.0,35,223,0.61,35,65,Remoraid,65,65,Water
75,28.5,75,224,0.89,75,45,Octillery,105,105,Water
60,55.8,100,221,1.09,80,50,Piloswine,60,100,"Ice,Ground"
30,6.5,50,220,0.41,40,50,Swinub,30,50,"Ice,Ground"
50,8.8,60,216,0.61,50,40,Teddiursa,50,80,Normal
95,54.0,80,214,1.50,75,85,Heracross,40,125,"Bug,Fighting"
230,20.5,20,213,0.61,230,5,Shuckle,10,10,"Bug,Rock"
55,3.9,65,211,0.51,85,85,Qwilfish,55,95,"Water,Poison"
40,35.0,40,218,0.71,40,20,Slugma,70,40,Fire
75,28.0,55,215,0.89,55,115,Sneasel,35,95,"Dark,Ice"
75,125.8,90,217,1.80,75,55,Ursaring,75,130,Normal
80,118.0,70,212,1.80,100,65,Scizor,55,130,"Bug,Steel"
60,125.8,75,205,1.19,140,40,Forretress,60,90,"Bug,Steel"
65,400.0,75,208,9.19,200,30,Steelix,55,85,"Steel,Ground"
65,41.5,70,203,1.50,65,85,Girafarig,90,80,"Normal,Psychic"
40,7.8,60,209,0.61,50,30,Snubbull,40,80,"Fairy,Normal"
35,7.2,50,204,0.61,90,15,Pineco,35,65,Bug
65,14.0,100,206,1.50,70,45,Dunsparce,65,70,Normal
65,64.8,65,207,1.09,105,85,Gligar,35,75,"Ground,Flying"
58,28.5,190,202,1.30,58,33,Wobbuffet,33,33,Psychic
48,5.0,48,201,0.51,48,48,Unown,72,72,Psychic
85,1.0,60,200,0.71,60,85,Misdreavus,85,60,Ghost
110,79.5,95,199,2.01,80,30,Slowking,100,75,"Water,Psychic"
42,2.1,60,198,0.51,42,91,Murkrow,85,85,"Dark,Flying"
95,26.5,65,196,0.89,60,110,Espeon,130,65,Psychic
65,75.0,95,195,1.40,85,35,Quagsire,65,85,"Water,Ground"
45,38.0,65,193,1.19,45,95,Yanma,75,65,"Bug,Flying"
85,8.5,75,192,0.79,55,30,Sunflora,105,75,Grass
30,1.8,30,191,0.30,30,30,Sunkern,30,30,Grass
55,11.5,55,190,0.79,55,85,Aipom,40,70,Normal
60,48.7,90,210,1.40,75,45,Granbull,60,120,"Fairy,Normal"
130,27.0,95,197,0.99,110,65,Umbreon,60,65,Dark
25,8.5,55,194,0.41,45,15,Wooper,25,45,"Water,Ground"
95,3.0,75,189,0.79,70,110,Jumpluff,55,55,"Grass,Flying"
65,1.0,55,188,0.61,50,80,Skiploom,45,45,"Grass,Flying"
55,0.5,35,187,0.41,40,50,Hoppip,35,35,"Grass,Flying"
100,33.9,90,186,1.09,75,70,Politoed,90,75,Water
65,38.0,70,185,1.19,115,30,Sudowoodo,30,100,Rock
80,28.5,100,184,0.79,80,50,Azumarill,60,50,"Water,Fairy,Water"
100,5.8,75,182,0.41,95,50,Bellossom,90,80,Grass
50,8.5,70,183,0.41,50,40,Marill,20,20,"Water,Fairy,Water"
90,61.5,90,181,1.40,85,55,Ampharos,115,75,Electric
60,13.3,70,180,0.79,55,45,Flaaffy,80,55,Electric
45,7.8,55,179,0.61,40,35,Mareep,65,40,Electric
70,15.0,65,178,1.50,70,95,Xatu,95,75,"Psychic,Flying"
45,2.0,40,177,0.20,45,70,Natu,70,50,"Psychic,Flying"
105,3.2,55,176,0.61,85,40,Togetic,80,40,"Fairy,Flying,Normal,Flying"
55,3.0,50,173,0.30,28,15,Cleffa,45,25,"Fairy,Normal"
35,2.0,20,172,0.30,15,60,Pichu,35,40,Electric
76,22.5,125,171,1.19,58,67,Lanturn,76,58,"Water,Electric"
20,1.0,90,174,0.30,15,15,Igglybuff,40,30,"Normal,Fairy,Normal"
65,1.5,35,175,0.30,65,20,Togepi,40,20,"Fairy,Normal"
56,12.0,75,170,0.51,38,67,Chinchou,56,38,"Water,Electric"
70,33.5,70,168,1.09,70,40,Ariados,60,90,"Bug,Poison"
40,8.5,40,167,0.51,40,30,Spinarak,40,60,"Bug,Poison"
110,35.6,55,166,1.40,50,85,Ledian,55,35,"Bug,Flying"
80,10.8,40,165,0.99,30,55,Ledyba,40,20,"Bug,Flying"
96,40.8,100,164,1.60,50,70,Noctowl,86,50,"Normal,Flying"
56,21.2,60,163,0.71,30,50,Hoothoot,36,30,"Normal,Flying"
80,75.0,85,169,1.80,80,130,Crobat,70,90,"Poison,Flying"
55,32.5,85,162,1.80,64,90,Furret,45,76,Normal
45,6.0,35,161,0.79,34,20,Sentret,35,46,Normal
83,88.8,85,160,2.31,100,78,Feraligatr,79,105,Water
63,25.0,65,159,1.09,80,58,Croconaw,59,80,Water
48,9.5,50,158,0.61,64,43,Totodile,44,65,Water
85,79.5,78,157,1.70,78,100,Typhlosion,109,84,Fire
65,19.0,58,156,0.89,58,80,Quilava,80,64,Fire
50,7.9,39,155,0.51,43,65,Cyndaquil,60,52,Fire
100,100.5,80,154,1.80,100,80,Meganium,83,82,Grass
80,15.8,60,153,1.19,80,60,Bayleef,63,62,Grass
65,6.4,45,152,0.89,65,45,Chikorita,49,49,Grass
100,4.0,100,151,0.41,100,100,Mew,100,100,Psychic
90,122.0,106,150,2.01,90,130,Mewtwo,154,110,Psychic
100,210.0,91,149,2.21,95,80,Dragonite,100,134,"Dragon,Flying"
70,16.5,61,148,3.99,65,70,Dragonair,70,84,Dragon
50,3.3,41,147,1.80,45,50,Dratini,50,64,Dragon
85,60.0,90,146,2.01,90,90,Moltres,125,100,"Fire,Flying"
90,52.6,90,145,1.60,85,100,Zapdos,125,90,"Electric,Flying"
125,55.4,90,144,1.70,100,85,Articuno,95,85,"Ice,Flying"
110,460.0,160,143,2.11,65,30,Snorlax,65,110,Normal
75,59.0,80,142,1.80,65,130,Aerodactyl,60,105,"Rock,Flying"
70,40.5,60,141,1.30,105,80,Kabutops,65,115,"Rock,Water"
45,11.5,30,140,0.51,90,55,Kabuto,55,80,"Rock,Water"
55,7.5,35,138,0.41,100,35,Omanyte,90,40,"Rock,Water"
75,36.5,65,137,0.79,70,40,Porygon,85,60,Normal
110,25.0,65,136,0.89,60,65,Flareon,95,130,Fire
48,4.0,48,132,0.30,48,48,Ditto,48,48,Normal
95,29.0,130,134,0.99,60,65,Vaporeon,110,65,Water
95,24.5,65,135,0.79,60,130,Jolteon,110,65,Electric
70,35.0,70,139,0.99,125,55,Omastar,115,60,"Rock,Water"
65,6.5,55,133,0.30,50,55,Eevee,45,55,Normal
80,56.0,70,123,1.50,80,105,Scyther,55,110,"Bug,Flying"
85,44.5,65,126,1.30,57,93,Magmar,100,95,Fire
70,55.0,65,127,1.50,100,85,Pinsir,55,125,Bug
70,88.4,75,128,1.40,95,110,Tauros,40,100,Normal
85,30.0,65,125,1.09,57,105,Electabuzz,95,83,Electric
95,220.0,130,131,2.49,80,60,Lapras,85,85,"Water,Ice"
20,10.0,20,129,0.89,55,80,Magikarp,15,10,Water
95,40.6,65,124,1.40,35,95,Jynx,115,50,"Ice,Psychic"
120,54.5,40,122,1.30,65,90,Mr. Mime,100,45,"Psychic,Fairy,Psychic"
85,80.0,60,121,1.09,85,115,Starmie,100,75,"Water,Psychic"
55,34.5,30,120,0.79,55,85,Staryu,70,45,Water
50,15.0,45,118,0.61,60,63,Goldeen,35,67,Water
45,25.0,55,117,1.19,95,85,Seadra,95,65,Water
25,8.0,30,116,0.41,70,60,Horsea,70,40,Water
80,80.0,105,115,2.21,80,90,Kangaskhan,40,95,Normal
40,35.0,65,114,0.99,115,60,Tangela,100,55,Grass
105,34.6,250,113,1.09,5,50,Chansey,35,5,Normal
45,120.0,105,112,1.91,120,40,Rhydon,45,130,"Ground,Rock"
30,115.0,80,111,0.99,95,25,Rhyhorn,30,85,"Ground,Rock"
70,9.5,65,110,1.19,120,60,Weezing,85,90,Poison
45,1.0,40,109,0.61,95,35,Koffing,60,65,Poison
75,65.5,90,108,1.19,75,30,Lickitung,60,55,Normal
80,39.0,80,119,1.30,65,68,Seaking,65,92,Water
110,49.8,50,106,1.50,53,87,Hitmonlee,35,120,Fighting
80,45.0,60,105,0.99,110,45,Marowak,50,80,Ground
50,6.5,50,104,0.41,95,35,Cubone,40,50,Ground
75,120.0,95,103,2.01,85,55,Exeggutor,125,95,"Grass,Psychic"
45,2.5,60,102,0.41,80,40,Exeggcute,60,40,"Grass,Psychic"
80,66.6,60,101,1.19,70,150,Electrode,80,50,Electric
55,10.4,40,100,0.51,50,100,Voltorb,55,30,Electric
50,60.0,55,099,1.30,115,75,Kingler,50,130,Water
25,6.5,30,098,0.41,90,50,Krabby,25,105,Water
115,75.6,85,097,1.60,70,67,Hypno,73,73,Psychic
90,32.4,60,096,0.99,45,42,Drowzee,43,48,Psychic
45,210.0,35,095,8.79,160,70,Onix,30,45,"Rock,Ground"
75,40.5,60,094,1.50,60,110,Gengar,130,65,"Ghost,Poison"
55,0.1,45,093,1.60,45,95,Haunter,115,50,"Ghost,Poison"
110,50.2,50,107,1.40,79,76,Hitmonchan,35,105,Fighting
35,0.1,30,092,1.30,30,80,Gastly,100,35,"Ghost,Poison"
45,132.5,50,091,1.50,180,70,Cloyster,85,95,"Water,Ice"
25,4.0,30,090,0.30,100,40,Shellder,45,65,Water
100,30.0,105,089,1.19,75,50,Muk,65,105,Poison
50,30.0,80,088,0.89,50,25,Grimer,40,80,Poison
95,120.0,90,087,1.70,80,70,Dewgong,70,70,"Water,Ice"
70,90.0,65,086,1.09,55,45,Seel,45,45,Water
60,85.2,60,085,1.80,70,110,Dodrio,60,110,"Normal,Flying"
35,39.2,35,084,1.40,45,75,Doduo,35,85,"Normal,Flying"
62,15.0,52,083,0.79,55,60,Farfetch'd,58,90,"Normal,Flying"
70,60.0,50,082,0.99,95,70,Magneton,120,60,"Electric,Steel,Electric"
55,6.0,25,081,0.30,70,45,Magnemite,95,35,"Electric,Steel,Electric"
80,78.5,95,080,1.60,110,30,Slowbro,100,75,"Water,Psychic"
40,36.0,90,079,1.19,65,15,Slowpoke,40,65,"Water,Psychic"
80,95.0,65,078,1.70,70,105,Rapidash,80,100,Fire
65,30.0,50,077,0.99,55,90,Ponyta,65,85,Fire
65,300.0,80,076,1.40,130,45,Golem,55,120,"Rock,Ground"
45,105.0,55,075,0.99,115,35,Graveler,45,95,"Rock,Ground"
30,20.0,40,074,0.41,100,20,Geodude,30,80,"Rock,Ground"
120,55.0,80,073,1.60,65,100,Tentacruel,80,70,"Water,Poison"
100,45.5,40,072,0.89,35,70,Tentacool,50,40,"Water,Poison"
70,15.5,80,071,1.70,65,70,Victreebel,100,105,"Grass,Poison"
45,6.4,65,070,0.99,50,55,Weepinbell,85,90,"Grass,Poison"
30,4.0,50,069,0.71,35,40,Bellsprout,70,75,"Grass,Poison"
65,32.0,65,053,0.99,60,115,Persian,65,70,Normal
45,0.8,10,050,0.20,25,95,Diglett,35,55,Ground
75,12.5,70,049,1.50,60,90,Venomoth,90,65,"Bug,Poison"
70,33.3,35,051,0.71,50,120,Dugtrio,50,100,Ground
55,5.4,35,046,0.30,55,25,Paras,45,70,"Bug,Grass"
80,29.5,60,047,0.99,80,30,Parasect,60,95,"Bug,Grass"
55,30.0,60,048,0.99,50,45,Venonat,40,55,"Bug,Poison"
75,55.0,75,042,1.60,70,90,Golbat,65,80,"Poison,Flying"
75,8.6,60,044,0.79,70,40,Gloom,85,65,"Grass,Poison"
65,5.4,45,043,0.51,55,30,Oddish,75,50,"Grass,Poison"
50,12.0,140,040,0.99,45,45,Wigglytuff,85,70,"Normal,Fairy,Normal"
25,5.5,115,039,0.51,20,20,Jigglypuff,45,45,"Normal,Fairy,Normal"
40,7.5,40,041,0.79,35,55,Zubat,30,45,"Poison,Flying"
40,4.2,40,052,0.41,35,90,Meowth,40,45,Normal
90,18.6,75,045,1.19,85,50,Vileplume,110,80,"Grass,Poison"
90,40.0,95,036,1.30,73,60,Clefable,95,70,"Fairy,Normal"
65,7.5,70,035,0.61,48,35,Clefairy,60,45,"Fairy,Normal"
75,62.0,81,034,1.40,77,85,Nidoking,85,102,"Poison,Ground"
55,19.5,61,033,0.89,57,65,Nidorino,55,72,Poison
40,9.0,46,032,0.51,40,50,Nidoran♂,40,57,Poison
85,60.0,90,031,1.30,87,76,Nidoqueen,75,92,"Poison,Ground"
65,9.9,38,037,0.61,40,65,Vulpix,50,41,Fire
100,19.9,73,038,1.09,75,100,Ninetales,81,76,Fire
55,20.0,70,030,0.79,67,56,Nidorina,55,62,Poison
40,7.0,55,029,0.41,52,41,Nidoran♀,40,47,Poison
55,29.5,75,028,0.99,110,65,Sandslash,45,100,Ground
30,12.0,50,027,0.61,85,40,Sandshrew,20,75,Ground
80,30.0,60,026,0.79,55,110,Raichu,90,90,Electric
79,65.0,60,024,3.51,69,80,Arbok,65,95,Poison
61,38.0,65,022,1.19,65,100,Fearow,61,90,"Normal,Flying"
31,2.0,40,021,0.30,30,70,Spearow,31,60,"Normal,Flying"
70,18.5,55,020,0.71,60,97,Raticate,50,81,Normal
35,3.5,30,019,0.30,35,72,Rattata,25,56,Normal
70,39.5,83,018,1.50,75,101,Pidgeot,70,80,"Normal,Flying"
50,30.0,63,017,1.09,55,71,Pidgeotto,50,60,"Normal,Flying"
35,1.8,40,016,0.30,40,56,Pidgey,35,45,"Normal,Flying"
80,29.5,65,015,0.99,40,75,Beedrill,45,90,"Bug,Poison"
25,10.0,45,014,0.61,50,35,Kakuna,25,25,"Bug,Poison"
20,3.2,40,013,0.30,30,50,Weedle,20,35,"Bug,Poison"
80,32.0,60,012,1.09,50,70,Butterfree,90,45,"Bug,Flying"
25,9.9,50,011,0.71,55,30,Metapod,25,20,Bug
50,6.0,35,025,0.41,40,90,Pikachu,50,55,Electric
54,6.9,35,023,2.01,44,55,Ekans,40,60,Poison
20,2.9,45,010,0.30,35,45,Caterpie,20,30,Bug
105,85.5,79,009,1.60,100,78,Blastoise,85,83,Water
85,90.5,78,006,1.70,78,100,Charizard,109,84,"Fire,Flying"
65,19.0,58,005,1.09,58,80,Charmeleon,80,64,Fire
50,8.5,39,004,0.61,43,65,Charmander,60,52,Fire
100,100.0,80,003,2.01,83,80,Venusaur,100,82,"Grass,Poison"
80,13.0,60,002,0.99,63,60,Ivysaur,80,62,"Grass,Poison"
80,22.5,59,008,0.99,80,58,Wartortle,65,63,Water
64,9.0,44,007,0.51,65,43,Squirtle,50,48,Water
